<?xml version="1.0" encoding="UTF-8"?>
<project-private xmlns="http://www.netbeans.org/ns/project-private/1">
    <editor-bookmarks xmlns="http://www.netbeans.org/ns/editor-bookmarks/2" lastBookmarkId="0"/>
    <open-files xmlns="http://www.netbeans.org/ns/projectui-open-files/2">
        <group>
            <file>file:/E:/Semester%205/Progjar/Server_Komber/src/server_komber/Server_Komber.java</file>
            <file>file:/E:/Semester%205/Progjar/Server_Komber/src/compres/Compression.java</file>
            <file>file:/E:/Semester%205/Progjar/Server_Komber/src/compres/formater.java</file>
            <file>file:/E:/Semester%205/Progjar/Server_Komber/src/compres/XOREncryption.java</file>
        </group>
    </open-files>
</project-private>
